{
    "Random Forest": {
        "Accuratezza": 0.9299999999999999,
        "Varianza": 0.00025999999999999895,
        "Deviazione": 0.016124515496597068,
        "F1-score": 0.8986076707565533,
        "AVG(P)": 0.8699835576467155,
        "AUC": 0.9842261904761904
    },
    "Neural Network": {
        "Accuratezza": 0.8959999999999999,
        "Varianza": 0.001104,
        "Deviazione": 0.0332264954516723,
        "F1-score": 0.8788389147671417,
        "AVG(P)": 0.868732981969824,
        "AUC": 0.9554034391534392
    },
    "SVM (Kernel RBF)": {
        "Accuratezza": 0.8700000000000001,
        "Varianza": 0.0009,
        "Deviazione": 0.03,
        "F1-score": 0.8200992695840569,
        "AVG(P)": 0.7840750198667401,
        "AUC": 0.946554232804233
    },
    "Naive Bayes": {
        "Accuratezza": 0.742,
        "Varianza": 0.0015560000000000014,
        "Deviazione": 0.039446165846632054,
        "F1-score": 0.788976329133648,
        "AVG(P)": 0.8689962469491948,
        "AUC": 0.9890079365079365
    },
    "Logistic Regression": {
        "Accuratezza": 0.8480000000000001,
        "Varianza": 0.0007360000000000001,
        "Deviazione": 0.027129319932501075,
        "F1-score": 0.7931567992407205,
        "AVG(P)": 0.7563228806559791,
        "AUC": 0.9492791005291004
    }
}